0,1,2,3,4,5
-0.8395413,-2.5027473,-2.0551662,-3.8888707,-0.835585,1.0913962
1.219823,0.49304077,-2.2047687,-1.6175125,-2.3221772,-2.308552
13.143619,-6.283548,6.577474,-6.443493,-13.170052,-2.4634173
-4.0688114,-0.8710787,3.2625833,-0.5653597,-0.51466024,-2.05531
-1.9980825,0.31442168,-1.1421796,-3.4795377,-3.3815558,-1.9608494
6.476168,5.4433403,0.12551276,-7.939037,0.105658546,-2.0755112
-2.2380786,-2.0062401,2.074334,0.7131225,1.0693578,0.5061586
0.5672204,-2.5121937,2.2593915,-0.14282802,0.46512958,-0.15859705
-1.885477,-1.1278145,0.25370187,-0.5813423,1.262689,-0.92525405
-3.6267476,-1.3350978,0.5274768,1.1810312,0.70332325,-1.6630977
-2.1634352,-1.350358,0.12001072,0.04925956,-0.6490222,-0.13280177
2.0731037,-1.7086405,-2.1589801,-6.464663,-3.3362002,0.21149883
0.51610976,0.6265904,-3.444897,-1.4828954,0.9857403,3.1384113
4.479783,3.1314876,-4.7768836,-8.923622,8.712002,0.86527294
1.9765393,-1.6717939,-1.8351587,-0.9640771,-1.9060076,-0.09220485
-1.7075092,-1.575624,0.91158986,-0.99496853,-0.2909323,0.23342097
-0.68706554,-2.3920128,1.9464904,-1.6862767,-1.0756568,-0.3105527
0.032603517,-0.43116024,-0.3461368,1.5666296,1.2356116,3.2824922
-0.6454149,-1.1159852,3.353027,-1.0103339,-0.19064593,-1.8169022
-3.2316923,-0.2025052,0.97541606,0.108152315,-0.1236918,-1.0548414
-1.8139861,-2.310888,-1.9645456,-2.7951765,-1.2389283,0.111162834
-3.9255686,-2.2469766,0.24859364,-1.3545046,0.6759162,-0.5913352
-3.3794398,-1.6072063,0.06665526,-0.087949365,-0.4719014,1.347634
1.3547367,-0.5042866,-0.41893852,-2.724674,-2.0098982,1.3535057
-4.605519,-1.3770915,1.1310577,0.029745236,-0.3459651,-2.1580465
-2.5709531,-1.9997094,2.0416546,-0.8366169,-0.029858544,0.2715434
-3.001433,-1.2819853,1.086522,0.9467801,0.3083996,0.09870065
-0.5555885,-2.1714208,-2.8461683,-4.4262834,0.32705617,-0.47547904
2.4890027,-2.7476642,0.34687078,-6.4860096,2.6837785,2.6661792
-0.8548853,-0.66549134,2.9396625,1.0192769,0.4312695,-2.044683
-2.2280743,-1.186703,-0.049695715,-0.25048372,0.26926008,-0.20083275
-1.349649,-0.64829504,3.1016054,-0.9812901,2.3420413,2.7258277
-0.37792927,-1.8318632,-1.8700794,-1.80721,1.6895558,2.6646018
-2.8308063,-0.8488109,-0.11676361,-1.249101,-0.8905686,0.6050944
2.3427453,0.3720258,0.23512001,-4.2324696,-2.7827713,-2.1948817
-2.205978,-0.6784785,0.93950284,1.4688746,-2.3315594,-0.44419047
-0.67093176,-2.6919024,4.362671,0.7379056,2.9445188,3.621148
0.09273125,2.9005089,0.5835434,-2.317721,0.9410151,-2.4342794
-2.6692705,1.3260236,0.94666815,-1.1875262,-1.019048,-1.4556264
-4.7193913,-1.3902385,1.1865454,-0.83648336,-1.3030044,-1.2237686
-4.894975,-1.6847315,0.8810325,-1.1604466,-0.6005901,-3.5208476
0.39552402,0.08992833,-1.5774546,-2.5682626,0.9798964,1.3118447
-0.47078532,-2.236232,-2.6607327,-3.5703802,-3.4409392,0.09209152
-1.4194154,0.9943253,4.6640077,1.7484404,0.9355229,0.47633374
-2.1779485,-2.112638,2.0549793,-0.11151408,0.3925127,1.1909295
-0.51883674,-2.7647722,-1.6946546,-2.3109913,0.73202085,3.530085
0.3814084,-0.4406601,1.4305307,0.31992304,-4.831914,-2.8886836
-1.6844505,-0.6923467,0.026596889,0.65678144,1.1120225,0.9088368
-4.374244,-2.1617582,0.40963322,-0.9101387,0.41432872,-1.4421136
-2.614128,-0.680045,-1.1632178,-0.66786426,-1.2422997,-0.5680931
2.634977,-2.9495077,1.4357777,-3.1652908,1.0063812,-3.53637
-0.736424,-1.2634555,-0.94208,-2.5016775,2.0669963,2.2078512
-1.2268898,0.76164794,1.0297323,-0.810382,0.3240709,-1.5729891
-3.3020449,-1.2454348,0.9849647,1.268615,-0.15688527,0.6479945
2.6294012,-1.2049179,-2.3781567,-6.495914,-2.119738,2.5112853
-0.7785954,-0.04636904,-1.3803914,0.000118508935,0.08573723,0.983719
-4.122993,-0.9540905,-0.16118957,-1.0990307,-0.48282695,-2.1963344
-2.7157917,-1.3148919,-0.20557183,0.55294085,0.21109557,-1.8326745
-2.1617723,1.4572988,-2.4863484,1.06087,-0.74977887,-1.7255248
-2.9206016,-1.276398,-0.96830773,-1.4306817,0.3621213,1.1197262
0.05690205,-1.4576463,-0.70878434,-3.1891441,-2.4516494,1.4421139
-4.553246,-1.874603,1.7946444,-0.75246954,-1.2915161,-1.9288074
-3.6138282,-0.9714041,0.8888063,0.8555243,0.74618423,0.5515657
-1.4049577,-0.14620276,0.79129374,0.05130504,1.0948097,1.5153422
-2.866893,-1.5354537,-0.12688966,-0.5597689,-0.3761577,-0.45618442
-1.461248,0.36317185,2.1447139,-0.12333687,1.5253274,1.8354095
-2.80932,-0.46605948,-0.7793784,1.8769332,0.80178964,-2.0264266
-4.014671,-1.9095328,1.1619269,-0.6436357,-0.0016568005,-0.4662964
-0.56864977,-0.6402799,-5.543971,-5.1887383,1.8927568,1.6337112
-1.3623286,-0.737278,0.22589697,0.92933583,-0.86389136,0.4222671
2.533525,2.947281,-0.11472912,-2.8218467,-1.9764446,-0.8526894
-2.9000478,-1.8667426,0.09922984,-1.138887,0.93734944,-1.1584623
0.14273854,0.3236883,-7.6836257,-5.526554,7.315453,5.5739546
-2.8391225,-1.19885,0.37285072,-0.39795202,1.1079082,-0.76404274
-2.5075855,-1.589987,3.6856627,2.4566562,1.3150727,1.4394214
1.309269,-1.1059489,-1.3652471,-0.60694665,-2.7456934,0.47444573
-0.9820978,0.10743986,-1.7747525,-1.1190878,-2.6771321,0.16564056
-0.28919357,-0.5659342,2.681276,2.6104844,0.5364156,0.85538614
-2.3803658,-1.0457331,0.5139595,0.33869296,-0.9023644,-1.7771721
-4.2224655,-1.0348166,0.3874733,-0.87716335,1.0818583,-1.328641
-3.3168116,-1.4664297,-0.47661918,-0.7904612,0.6159979,-0.64131737
-1.2762032,-0.085898526,0.69929504,-1.0517322,1.9421076,0.73590285
-2.6218371,-1.5837302,0.5721442,-1.6930833,-0.9246384,-0.247437
-1.8401663,-1.5539732,0.67578334,-0.5270181,0.980692,-0.8909865
-2.297251,-1.0700778,0.38384014,-0.5575178,1.1636915,0.3741206
0.8702999,0.69811535,4.388944,-0.3776462,2.3891258,-2.3853176
1.6181678,3.4204526,4.5544944,-1.230917,0.22778684,-0.888871
-4.277818,-0.9281982,0.023131683,-0.76952785,-0.596285,-1.5773536
-2.332161,-1.146973,0.49616957,-0.12243428,0.6998049,-0.7548761
-3.138094,-1.5566874,0.050471976,-0.5044852,0.50133693,0.37204817
-0.16104855,-1.4829209,0.8418776,-4.054433,-3.9767354,1.2661386
-2.1814153,8.163217,4.139591,-0.790707,-3.5543108,2.4542902
-2.2847934,3.8004377,-0.30231512,-1.3993087,1.3821005,-1.9971269
-4.1340275,-1.0333571,-0.74768895,-1.6403455,0.15200508,-2.6826553
2.145623,-0.34646848,-1.1959771,-3.0033765,-1.1826478,-0.088800706
-1.0396833,-0.6655922,-0.36374378,-1.9603773,2.1587453,0.031143479
-1.6854433,-1.4873934,1.4217391,1.1135466,0.5844643,0.021712843
-1.9953427,-2.0564756,0.15090697,-1.6380432,0.7780709,-1.045847
0.28323907,2.4602988,-2.8200233,-5.9758863,-0.51220685,1.524593
2.0305822,-2.3807075,0.06724824,-2.9837656,-1.4160136,0.61979985
-0.31116068,-0.67161405,1.2924892,-1.8460637,-0.8212,2.112479
-3.7061987,-1.5814877,0.8459746,-0.84833956,0.80726826,0.21793365
-4.755739,-1.5539109,2.1319292,-0.2670706,-1.1506522,-0.628606
0.5808895,-3.0739386,-1.6143966,-3.6002715,-1.8944436,0.9162914
-3.6192627,0.9842627,1.9106776,-0.41738892,-1.0728614,-0.7582857
-1.813506,-1.0565882,-2.9021916,-3.4979322,-3.4347918,0.052700363
-3.836577,0.42026696,0.055716828,0.77740586,1.1991087,-1.4662329
-1.6120428,4.168826,-0.46891087,-5.711959,2.9870203,3.6316078
-1.1871935,-0.8711232,-0.20152262,-0.3571802,0.78537476,0.5333802
-3.765151,0.6427574,-0.060116038,-1.060012,-0.50470126,-1.766141
-1.5903943,-3.0402946,-2.5276372,-2.7407463,2.470929,0.8304988
-2.3585567,-1.9864508,1.0272182,-1.9989743,-0.2887004,0.9232792
-2.7923207,-1.8677956,-2.4778242,-1.1888115,1.6945776,0.34496814
-2.9313478,-1.3669053,-0.8341728,0.90075076,0.2754343,-0.19477224
-2.8656888,0.764009,1.2117517,-1.8853923,1.0367987,-0.19946927
0.46979022,-3.6248167,-2.4816992,-5.3760333,-1.6808399,2.164695
-2.0494673,-1.294266,0.96898603,1.0558645,-0.14947724,0.5546176
-2.5796535,-1.0849155,-2.0691278,-0.8206861,-0.5983467,-1.7138368
-3.595417,-2.1963494,1.5118253,0.23063491,0.7683817,0.26840115
-2.7935371,-1.881218,-1.247806,-2.9890947,-0.78651893,-0.16904464
-0.8629239,-1.9695165,-0.11483162,-3.9432054,-2.269507,-2.4107893
-0.7639676,-1.6966987,-1.5099356,-2.6549237,-0.73721135,1.0488021
-2.261123,-0.79836667,-0.47191626,-2.8054068,0.47192225,-0.5408065
-0.4501598,0.16149384,0.5135035,-0.0068473667,1.6787077,-1.7218711
-1.9922303,0.084156215,-2.140901,1.7787195,-0.48828632,-1.7331305
-0.46667182,-1.5716424,-1.5901183,-1.1117194,-0.7244158,1.6114664
-0.11111392,0.5319091,0.19885223,-1.3899695,-1.0032462,-1.7765796
-4.930495,-1.2451706,0.35421634,-0.06590302,-0.4322505,-4.0971823
-0.8882549,1.735608,-2.288169,-3.7626967,4.442951,1.9511766
-3.9905155,-0.7313045,0.66267794,-0.9141518,-1.8065869,-2.025723
-2.27113,-1.2023554,2.0657067,0.3805073,2.4641535,3.7643564
-4.007406,-0.8229941,1.6659917,0.08237569,-0.24725828,-1.8181912
-3.1477256,-1.5758369,0.43193507,-1.557282,-1.5367702,-0.08790629
-1.46899,-1.0181171,-2.4663696,-3.204094,0.56820273,2.0811112
-1.4201257,-1.3639257,-1.75233,1.2862798,0.8151616,2.692539
1.4223598,-0.908226,-3.9442708,-6.937854,-1.2879738,2.3368456
-0.7649997,-1.6895978,-2.5578923,-6.6183934,-1.9558083,-1.2723697
-2.2460315,0.38448054,-1.1550828,-1.0959848,-0.35036114,-0.9104074
-1.5931177,-0.25457042,3.0969822,0.6428597,3.561066,7.861575
0.60453534,-2.667101,-2.1391323,-2.6869915,3.1085465,3.562532
-1.4315012,-0.39425182,-1.1024982,-0.25026637,-0.13017884,-2.1203551
-0.62647754,1.7324878,-0.7573204,-1.0025545,6.0513487,3.1217806
-3.2710433,-0.60631704,3.899345,0.007243529,-0.60979176,-2.2472055
0.82121056,0.51040554,-3.1179414,-3.4459155,1.4717516,3.1599922
-3.834122,-2.036023,1.228108,-0.540473,-0.46197286,-0.21786645
-4.209236,-1.1674194,0.574675,-1.9728383,-3.551983,-2.3502214
-1.9628043,-1.7365189,0.6386467,-1.1154475,0.083280444,-0.5720919
-1.0722706,0.20231375,-0.8973205,0.06104295,-1.2544188,-0.8706986
0.43205875,-1.294267,7.4071536,2.9828377,3.9967043,0.12018247
1.342717,-1.2867329,-1.0122435,-3.9170487,-5.623022,0.8897261
-0.7736851,0.19160947,-3.9274092,-5.2192483,1.9926096,3.3166456
1.8499764,1.3767505,-0.006637633,-3.6605484,-0.90575755,-2.1693938
1.2833434,-2.8670945,-3.0057886,-7.615016,-3.1852765,1.0599648
-3.0443053,-1.3146263,2.992101,-0.42959863,-0.8334321,-1.5812579
-1.345765,-2.2384038,-3.3525376,-3.7042277,-2.8587668,-1.0264858
-2.6804943,-1.3948965,1.3411894,-0.47237593,0.7866163,-1.3605171
-1.6435801,-1.0242736,1.9099077,0.042760447,-0.5859126,-0.45548162
-0.7382439,-1.8930154,-1.019862,-3.0017154,-3.195572,-1.4500524
-0.23991852,-1.8995908,0.23839583,-2.113106,-1.2181925,-1.9273387
0.0061693937,-0.7520436,2.7201447,2.9876602,1.2405263,0.56480104
0.8148697,-1.9577744,-2.1179976,-1.9405926,-0.59625125,2.799263
-0.8332839,-0.059827343,-0.44783866,0.59788746,0.41467607,0.19943187
-2.919008,-0.7409816,-1.1517878,0.95212734,1.0179198,0.69241434
-3.0346854,-1.2999396,0.8118552,0.93352866,-0.015555173,-1.3112148
-2.9828773,-1.2407787,-0.1621839,-1.5765027,0.9688051,-0.39882424
2.7001767,3.1943557,-2.4292173,-2.6754515,-0.43991616,-0.059497274
-3.5888095,-2.487913,-2.0127358,-2.8503065,-0.8743665,-1.0788769
-0.44226843,-1.0682578,-1.2581028,-2.333051,2.1881044,1.6352488
-3.20007,-0.49561632,-1.4045316,-0.36278874,-0.01011166,-2.9190478
-3.8269534,-2.0177708,1.1769489,0.07605402,2.3529031,1.7012833
-1.9140569,0.17343763,3.735381,-0.3241275,0.3621676,-1.1183574
1.5683813,-2.0070922,-2.3319116,-5.0337353,2.605613,0.75975925
-1.635435,-0.19257334,-0.70683473,-1.3806142,1.8752134,1.2500436
-0.40943754,-0.85748565,-2.9622607,-2.0641859,2.7818234,3.297761
-4.623821,-1.9249372,1.8032473,-0.49950498,0.35121194,-1.563516
-0.3443237,-1.4652425,-1.7676903,-3.9160748,-1.3883171,1.8152188
2.1633925,-1.7589897,-1.3901047,-6.5947113,-2.1514547,0.589847
1.5760254,-4.298045,-3.453204,-9.997359,-3.2548764,2.428949
4.1674848,-4.3130894,0.7747303,-4.999115,-0.4224748,4.745227
0.50048625,-2.6040862,-1.7471361,-3.7569735,1.5998889,0.13110688
-0.09766887,-0.701656,0.011856586,-1.8972908,-1.5423934,-1.2707322
-1.6893603,-1.5863326,1.1127884,0.18062092,1.1719282,-1.3318814
-2.4091392,-1.4795628,-2.6478488,-0.35616606,1.0650154,-0.33549455
-0.12596087,-1.5077994,-2.0631225,-0.36715847,0.6872833,1.7141689
-2.3802009,-1.4962325,0.9619944,-0.22500291,0.33718574,0.2518542
-2.8627973,2.867843,-0.4939744,-0.88219,0.59244275,-2.2948446
4.5762076,-1.2902824,-1.0637667,-4.912489,-1.3873547,1.2880912
-0.072365895,0.34529364,-1.0794952,2.164825,0.69013524,-0.7427891
-4.0060363,-0.8634888,0.8338652,-1.5694405,-0.5320274,-3.009277
-1.3211038,-1.0552489,-0.39355057,-2.1962292,0.6439431,0.42166892
-0.15911804,-1.5327487,-4.1607704,-3.0221756,-0.84433043,1.4345671
0.19906504,0.122722685,-3.2534266,0.14296265,2.5508294,1.9243865
-1.208618,1.7590837,-0.19116263,-3.2606351,-1.7903758,-3.6427839
0.028472453,0.75634384,2.525608,-0.3175565,-1.4005347,-3.314574
-2.0965652,-0.32192203,-1.5447854,0.97275674,-0.08569278,-2.05086
-2.7635136,-1.1898618,0.23120208,-0.51277,0.20799938,-0.70936054
-2.8956518,-1.483784,0.8311963,-0.3933679,0.23527905,-0.5549576
-1.6054741,1.6551621,1.6267556,-0.3254537,-0.89340377,-0.97448593
-1.5158685,-1.0301994,-4.5313916,-2.1696484,-0.23788476,0.55786186
2.0933213,-2.902923,-1.719849,-4.3945975,-3.030003,2.0957003
-3.7342982,2.8846757,4.3829637,-0.036229357,-0.6498859,1.165636
-1.5552442,2.0301962,-0.16340686,-1.0118405,0.89220476,-0.57492805
-2.9297245,-1.3234984,-2.1269193,-0.8155549,-0.3996102,-0.53424484
-3.5354981,-1.463085,0.47661114,-0.55003715,0.35242277,-0.77608466
-3.0861578,-0.605721,1.2614647,-1.3465023,-0.090111196,-0.36678264
-2.219984,-1.3090439,1.2964805,-0.75310814,1.443565,-1.4708312
-2.1478057,1.1060745,-1.0158283,-0.7595262,0.9051306,1.1238182
-2.5586743,-1.5241439,2.148688,1.0994802,1.5235356,-0.58950967
0.8159666,-0.86842597,-2.8297286,-4.17858,0.3217169,-0.12220285
0.39324617,-0.16559294,1.0599908,3.3895502,-0.07117394,-4.459923
-3.470886,-1.0944446,0.20504208,-1.8589919,0.15074515,-0.94995683
11.371648,-2.4193325,0.5829364,-9.317209,3.8713863,2.453531
0.22416152,-1.3846588,-3.6656213,-2.819488,1.0882678,4.1141415
-3.2807207,-1.0866324,0.06369044,-0.6892613,-0.45861518,-0.8566386
-2.2747338,-1.5478836,0.98498607,-0.63469845,1.7078212,0.8797183
4.749251,-5.778229,-0.3883415,-7.9152775,-0.44355553,5.5233603
-1.7485279,-0.69010377,-0.953494,-0.090424225,0.14228107,-1.2485095
0.43853343,0.09736478,0.66053456,-1.2613868,1.0371546,0.80734664
-3.3018794,-2.208835,-0.047760755,-2.4955726,-0.6167213,1.460941
-3.0354543,-1.2212504,-0.86577976,0.62537235,-0.17427462,-1.7503716
-2.6310196,0.15310937,0.75406533,-1.7785643,0.6748917,-1.1606593
-2.3324113,-1.150071,1.1785569,-0.7143487,-0.50783944,-1.0724287
-2.1916537,-0.55100536,2.9162922,1.2364556,1.208421,1.1412337
-2.0898108,-0.69970775,-2.393571,-0.9151801,-1.568345,-1.4768782
-3.634029,-0.8199403,-1.9121841,0.5735605,0.34615266,-2.4150164
2.2690854,0.063063234,0.67625123,-1.4075462,0.2603068,0.47322357
-0.946029,-2.4094718,-1.7411926,-1.5800506,2.1865046,2.8601313
-3.1521635,-1.0287979,1.3184971,-0.7039362,-0.12339181,-1.7159029
-1.9323183,-2.388239,-2.1159072,-1.9787632,-0.7553946,0.09567695
-2.1616447,-0.6094126,1.9500197,0.8072443,-1.6034192,-2.5523531
0.51257676,-0.48356774,-1.0329807,0.11291431,0.14779098,-3.1270988
-5.111174,-1.1175615,1.593228,-1.421849,-0.6041013,-2.3956282
-0.30617964,-0.8629668,-1.2788637,-2.0327566,-0.5579442,2.1660557
-0.83415675,-1.5098855,0.3916766,-3.063959,-1.8212566,0.27441207
-2.781571,-1.814466,0.98823726,-0.071219176,-0.10731606,-0.11135239
-1.9425892,-1.4282844,0.72837996,-0.66027117,0.43124536,0.7669098
-0.24031554,-0.7464875,-0.16917342,-3.3702607,-2.077124,-2.6530108
-2.028247,-0.07385597,-3.7887578,-2.5711453,-2.1081712,-1.3698407
-1.2532362,-0.81917965,1.5418221,0.69139916,-2.035369,-1.1556534
-2.8047981,0.024956033,-2.2893052,-0.50272155,1.4166876,-0.84239954
-2.2615888,-0.9099953,-0.20307174,-2.0862527,-2.310979,-1.6232339
-0.611028,-0.5555694,0.699566,1.3335756,1.3288344,-1.8312113
-3.4461067,-2.2871325,1.9834846,-0.62479347,1.2542448,0.17859823
-1.6593293,-0.86480737,-0.23835537,-0.6131435,1.4972574,0.99576086
-3.5941124,-2.2232802,1.6235228,-1.0755887,-0.4476535,-1.0096858
-1.9319628,0.08454183,-0.17883216,-1.4332663,2.8035088,-0.07687814
-4.003676,-1.8466961,0.855042,-0.5405208,-0.3790383,-0.4460496
-1.8267071,-0.8933178,0.684211,1.9984626,1.351483,0.97345185
-2.1997826,-0.4919776,0.8588084,1.2021782,-0.43505272,0.27918732
-3.0314353,-1.3359711,-2.5034943,-1.710142,1.3134364,-0.45900646
-1.187443,-2.149515,-2.5184383,-2.6671932,1.6973219,0.8076176
4.476032,-3.0555482,1.8475465,-4.5964217,5.343704,0.9533895
0.5983587,5.4743958,-1.0259798,-9.949689,6.5737815,4.2217836
-1.3875633,-1.8626287,0.92999876,-0.23727846,0.78273594,1.2389368
0.7309002,-3.918774,-2.543268,-2.6868536,-1.8300635,2.0864363
-1.0468346,-0.4352252,-5.158933,-2.5603666,-1.8114295,-2.0788374
-1.848042,0.3669921,0.009715572,1.2873662,0.31866667,0.86999065
-2.4722242,-1.1892016,0.7869218,-0.97012556,0.42184797,-1.6777569
-1.6986096,-1.6172945,-2.3325047,-3.368391,-1.7773818,1.0316119
-1.4878447,-0.7444953,-3.687719,-4.4506574,0.22167546,-0.8120469
-3.6583018,-1.6388594,0.9805809,-2.0328782,-0.8499272,-1.4235097
2.6652317,-2.5108902,-0.1698926,-6.1462383,-0.7861389,2.6824772
-1.7098595,-1.7488879,-4.1971326,-2.6054394,-1.0959888,-0.37582228
-1.3471828,-2.4862547,-3.05904,-4.5367165,2.3323333,1.5068754
-1.6981868,0.40008107,0.122749746,0.20550202,-0.47334418,-2.424645
-2.5320997,-1.507083,2.83143,0.9122684,1.278479,0.526935
-2.687718,4.5680447,5.652886,-2.4852896,3.3417006,3.6069927
-3.4644608,-0.9498941,-0.29678115,0.2789808,0.07409978,-0.6840392
-1.930837,-2.0298715,1.5692388,-0.9121814,1.7420772,0.80139273
-0.8620132,-1.3137763,-3.166935,-3.6698291,-2.1774929,1.6771488
-1.517221,-0.43843582,-1.8632319,0.23269065,-0.3816181,-0.5912467
-2.4717414,0.91116166,1.1068413,-0.82326293,-0.9358368,-1.946251
-0.8695381,-0.68063736,-4.318029,-6.350222,-0.5725415,3.4075177
-3.8058157,-1.3505994,-0.12723233,-1.6820887,0.42998675,-2.694613
2.0387416,-3.0143793,-4.5105076,-3.032256,-4.036702,-1.7568763
-3.414487,-1.9057052,1.5058626,-0.68704045,0.6152699,0.23892772
1.2343549,2.0807521,1.0260652,-3.567645,4.014713,2.5900407
-1.2997755,-0.89502704,0.15925212,1.9224511,0.54891074,1.2686657
0.89889723,-2.8116827,-2.432363,-6.130976,-3.5860026,1.0326548
-3.5121052,-0.76553667,1.7052815,2.3936765,0.08763754,0.31924924
-0.1459034,-0.26362717,1.803506,-0.40577668,1.2972423,-0.71352464
-2.0322113,-1.4096144,0.6724239,-0.067461535,0.71387327,-0.78265697
-1.444055,-1.846776,1.5081992,0.013230249,0.8599502,1.2967863
-2.4223077,-1.4699209,-2.4895654,-0.802506,0.74349177,1.4813573
-0.6038172,-0.009818144,-0.82110375,0.023759052,1.1578351,-0.41691515
0.3436774,8.9322815,2.9452775,-5.8776054,1.0370727,-1.6571777
-0.3318529,-0.7096598,0.71352255,-0.03154625,0.8401582,-1.4997301
0.3788553,-1.731056,0.0028039217,-1.0427755,-1.5897303,0.07838135
-0.8813704,-0.4400587,-0.0906441,0.5888121,1.05167,-1.0275851
-0.9757765,-1.0125878,0.703087,0.39997238,1.2348964,0.069994085
-0.8094166,-1.5301908,0.024203911,-1.3308578,0.12861837,1.0725589
-3.4241228,-1.7892745,1.0185727,0.2545882,0.88333654,0.23772445
-2.079821,-1.5703236,0.22655539,-1.2901293,1.2603322,-0.56894404
-2.287786,-0.7386739,-1.0632255,0.82779384,0.22732982,-0.21174997
-0.9653783,2.129814,0.28334546,0.4816413,4.034775,1.528577
-1.8855957,-1.9811562,0.25255972,-2.3023193,0.30040404,0.6187478
-3.0248091,-2.342429,2.881209,0.16639753,0.3642644,-0.91185856
-1.06852,0.4920945,2.9270134,1.3235946,0.8510337,-1.5456454
-3.717211,-1.5116241,0.5332289,0.05896698,-0.9877187,-1.2056507
0.049893215,13.038013,2.1887035,-14.152487,5.143488,7.0130796
-1.4306697,1.3376046,-0.36861593,1.9991931,0.25710112,-0.020168938
1.9330343,-1.9321042,-3.0411768,-4.024276,-0.71886647,1.5588576
-0.61696833,-0.30597484,0.53389615,1.1956741,0.03920187,3.673925
-1.3658539,0.42171463,0.7540544,-1.2986183,0.78259397,-2.9474652
-1.735048,-1.7851928,1.3306097,0.32845497,0.21652511,1.1501203
-0.61448455,-2.690942,-1.2194887,-2.760053,2.989001,4.3697305
1.0186629,-0.86987674,-2.7143874,-2.3548462,-3.0618362,1.1179143
0.4453268,-3.0864513,-3.1179464,-5.521033,-4.5950074,0.2889274
-2.617133,-1.0040921,-0.37655503,-2.1576724,1.6535773,-0.66114575
-3.1445482,-0.73129284,0.4860766,-0.086407915,0.01840663,-2.177625
-3.9165983,-1.3010664,1.5441035,-0.18263234,-0.7545346,-1.949983
1.1647166,0.27320626,0.03911175,-0.019297972,-0.18930298,-0.6237646
-2.2307978,-0.5395485,0.53996176,0.21385823,0.36478868,-2.2001376
0.22226791,-1.4308977,-4.874702,-3.2205484,4.0565615,2.4421473
-3.45404,-0.7349484,0.9175751,-1.3616742,0.852288,0.45721656
-3.39648,-1.4648323,3.1570122,0.40854043,1.6738647,-2.2932856
-3.5009985,-2.8852746,3.7338722,1.5812122,2.661017,1.7625979
-2.9011707,-1.0688889,-1.2844247,0.81917334,-0.06759116,-1.3151672
-1.7221259,-0.5787436,-0.38274002,0.25157124,-0.1525792,-1.3495882
-2.4330485,-1.4113953,0.0042942315,-0.6684988,0.91211176,-0.501929
-3.041996,-2.1091707,2.6506624,-0.31064916,0.45822802,-0.25140893
-0.49485213,-1.8505645,-1.4839679,-1.4924226,0.21380714,-0.020221181
-2.6768508,-2.154921,0.19271539,-1.4494898,0.89551854,1.1147977
-0.4520471,-2.0392637,-2.9286208,-4.0415998,-1.0673227,1.713645
-3.4896884,-1.5700853,1.2886167,-1.3620793,-1.2937456,-1.4066502
-1.6887742,-1.4386618,-1.4653318,-0.2976212,-1.1198885,0.1996741
-3.4278846,-1.3658233,1.9762803,-0.5712208,0.28088418,-2.2816737
0.6957466,0.03580582,-1.7145506,0.5222137,-1.1719238,1.1463684
-3.1068692,-1.1811692,-1.0072922,0.34036833,0.827227,-1.3219285
-3.9559011,-2.1637077,0.6698527,-1.0753294,1.0032394,0.30956396
-0.4115606,-1.3395258,-2.420341,0.091337815,1.1394435,2.1610959
1.8431162,-2.7073088,-0.6636716,-6.8228006,-5.3712454,-1.4661442
6.236172,-2.3920395,3.722678,-2.1155734,-1.2966187,-0.17685366
1.013986,-0.32081962,-1.6869949,-2.2869556,-1.0292498,0.32452878
0.59295386,-0.62520754,4.8869805,3.3953564,-1.2979172,-6.0374126
-0.4213004,-1.2712239,-1.7309836,-1.6896116,3.3472965,0.5814445
-2.0429065,0.12221488,-1.2976105,-0.9355714,0.43170473,-0.013806619
-1.6389357,-0.9860616,-0.85562694,-1.1426783,0.3377871,-0.32434276
0.004235238,-1.4229312,1.2355398,-2.7973087,0.107657254,1.453241
0.8851579,-1.992532,-0.47179896,-2.3318968,-2.2428298,0.79569155
-3.954587,-1.319525,1.8069048,0.046874836,0.22219911,-1.7652628
4.6032057,-3.3391883,-0.2444279,-2.1662037,-3.0141368,2.0029068
-1.496723,-0.85073066,-0.56193584,0.9218272,0.36873358,1.7503059
-2.238935,-1.4023399,-0.9404317,-1.2526504,1.5586945,1.6039503
-1.4613262,1.4707152,-1.323337,2.0104456,-0.22883993,-0.011971094
0.89661926,-4.9338517,-0.65673614,-4.556121,-6.384782,-1.3221629
-1.272551,-2.719349,4.0952888,-0.5644557,-0.26259473,2.7036521
-1.8666052,-0.7725986,-0.061718553,0.21042837,0.14845651,-1.8088788
-1.1612002,-0.43537745,0.329498,-0.11479646,1.222858,-0.84977335
-2.9402695,-0.0517897,-1.1789284,-0.84588087,-0.55778384,-1.3862991
-4.291785,-1.8559101,1.2161498,-0.5248228,-1.4950101,-0.4882128
-3.9083748,-2.160941,-0.25164852,-1.061856,0.01662007,-0.5113671
-2.0896108,-1.8649669,1.9286312,0.52315176,1.6675421,0.6069691
0.7012407,-3.0048368,-3.9457512,-7.0171657,-0.265463,2.6880264
1.8368047,-2.7579827,-3.418193,-0.5432397,2.155976,4.373477
-0.6931529,-1.9072921,-4.2267017,-3.3386881,5.211614,5.3705196
-0.41764748,6.330434,2.7500877,-3.4207761,3.9957674,1.4769789
-4.3450875,-2.1040347,1.127693,-0.82678264,0.31819656,-2.0463274
4.270203,0.82130814,-0.8670801,-4.1875925,-1.1077749,-1.6997457
-0.55040056,-0.34918058,0.8633675,0.71839845,1.4978424,-3.3129156
-2.1471014,-0.4864846,-0.45355707,0.036456004,-1.241622,-0.87832826
-2.3109841,-1.0097868,0.048379526,-1.4863024,-0.4511441,0.56444824
-2.5639782,-0.76710486,2.577766,-0.06808047,-1.1539351,1.4385442
-1.6952113,-1.3034583,-1.3380525,-3.1216152,0.2218472,1.0901333
-2.8297067,-0.82831216,-0.6050475,0.61197096,-0.7093097,-0.7678992
-1.7130575,-2.2959406,1.003667,-0.75248367,1.4969363,2.4186492
-3.1132812,-0.79274213,1.5370549,1.4758563,1.9174219,-4.0182467
-2.577798,-1.7320893,0.25015366,-0.62508804,-0.9961685,-0.62592655
3.291111,-0.79124475,-1.0954783,-4.4972987,0.37081435,-1.6172926
-3.3781533,-2.1938188,1.3789505,-0.40366012,0.48188725,1.0411042
-1.9204608,-2.086248,-1.0295775,-3.980195,-2.59709,-0.97866935
-3.472029,-1.7484176,0.71769047,0.15207057,2.2960887,2.4968889
-2.9328423,-0.9962754,1.2220434,0.35270882,0.07479951,-0.99059445
2.5498283,-4.749023,-2.7555423,-6.537431,1.2701912,2.2938385
-2.3980885,-1.6789393,0.5227716,-1.7875085,-1.0426226,-0.2100397
3.7665796,-1.0317658,-0.77933943,-1.8664821,3.455756,-0.15297678
1.2896167,0.08442938,-0.035591975,-1.5682778,-3.0588398,-0.66069174
-1.4873976,-1.2586294,-1.3692673,-3.1473858,-2.7180104,-1.1118928
-1.6664811,-1.4546851,0.095859274,-0.01883991,-0.07367653,1.926261
-2.3286493,0.022420853,3.6932878,0.55612284,-1.5328382,-3.572962
-2.2439601,-1.0348722,2.9050298,1.6831506,0.07616322,-0.19450721
1.5136404,-2.2475119,-0.41119784,-3.4644048,0.49066016,6.0741844
-2.0482626,-1.2488825,-1.0409476,-0.37571537,-0.76812994,-0.3657011
-5.429924,-1.927088,1.0959114,-0.06429373,-1.0491699,-1.6319056
-0.9311491,-2.4712672,2.9853897,-0.7051915,0.97930884,0.7920444
-0.68601745,-0.4523596,-5.5815988,-0.7246473,0.17068547,-0.933855
2.0290866,-1.0693865,-0.12200786,-4.1009626,-1.6674157,-1.9768301
-3.8000913,-1.8350781,0.9422511,-1.1184772,-1.146523,-2.4519188
-2.6568227,-1.5059503,1.0931336,-0.96294266,-0.6818545,-0.513251
2.2428632,-1.5886984,0.36452305,-2.5052888,-1.2039819,-0.45810553
-2.836796,-1.8782798,0.36902446,-1.6444552,0.9434794,-1.6076633
-1.7188708,-1.7208064,1.864957,0.8535464,0.3376212,-0.7247842
-2.011926,0.399586,2.231277,0.3095926,0.07053159,1.1432191
-1.472607,-1.6336777,-1.2604206,-4.9090776,-1.7918409,0.96643364
0.26860303,-1.3555677,3.2904868,0.89396775,-2.0928726,1.0657424
-2.3338857,-1.3792138,-1.1258391,-0.08572179,1.7210299,0.46957454
-2.7421882,-2.211138,-1.1954103,-0.86992115,1.0536995,0.89125615
-0.6200933,-0.6797056,1.83996,3.5204737,0.7619889,-2.7490962
-1.314144,-1.6519594,1.0028293,-0.8338057,1.2291583,-1.0708538
-0.13162093,-0.34847277,-7.224639,-5.2797027,4.468311,2.5340939
-1.6616591,-0.12526236,-0.9734076,-1.5983981,0.8103645,-0.15514848
-1.9158765,-1.7932348,0.72741795,-1.7275792,0.68043303,0.6641865
-1.145696,1.6463383,1.2410083,0.37181848,-0.4904477,1.1634624
-3.6314406,-2.0576997,1.5649046,-0.08509427,0.7115021,-1.4300419
0.7881672,-2.1874394,3.8172436,1.2377329,1.4393685,0.8250932
-3.6196926,-1.5863935,0.60572374,0.47114438,0.6298187,-1.6492172
0.8077077,-3.3716795,5.232417,-0.027041748,2.103677,0.26664692
-3.9165483,-1.3673259,-1.7116083,-1.1908461,-0.601694,-1.9654413
-3.783968,-1.5890979,0.19183691,-0.33967626,-0.754405,-2.204023
-3.4635448,-1.5539513,0.030385986,-0.7008821,-0.76439583,-2.3367217
-2.482767,0.015558451,0.65380484,4.3491426,-1.9200691,-3.9650967
1.6401004,-0.99777436,-1.6515603,-0.66910374,2.4166486,2.8821752
-3.4925334,-1.4692029,-0.5495955,-0.44410574,0.6787294,-1.1772373
-0.6902922,-2.163061,3.4306846,1.4434838,1.4940544,-0.30497774
1.0259608,-0.7526444,1.7055371,0.46235096,0.97565126,0.15159762
-2.4059708,-0.78393257,-0.49155265,0.47782892,0.61300015,0.18609479
-2.6643496,-0.527611,1.3833294,0.7178955,0.639972,-1.2535748
-2.8293273,-1.0774363,2.4099026,1.1105502,0.8789264,-2.7949145
-0.68767,-1.2465024,2.327951,1.9769713,1.5891992,1.3791567
-1.8549284,-1.3218772,0.808553,-0.6891487,1.4834763,0.8531521
-1.9722172,-0.9289292,-1.5172485,-2.581008,-1.142486,-0.19533959
-0.98062855,0.055286378,-1.6588548,-1.452811,1.1989235,-1.4246565
-3.9860651,-0.92241,-0.47779858,-0.84499097,-0.5293172,-1.2023697
-2.7842872,3.4658115,1.6296321,-2.9235013,1.5425566,1.5408119
-2.938807,-1.666369,2.0488477,0.43673658,-0.059499055,-2.2152057
-4.138334,-2.18977,3.5752854,0.47819805,1.7174469,-0.74712014
-2.2163992,-0.88030875,-0.34950823,-0.621344,-1.8499285,-0.61285585
-1.111753,-1.6216412,0.68789876,-1.429252,1.5832108,0.13247947
-0.34605813,-2.3091812,-4.385456,-5.0346727,0.636683,4.857961
-1.3023595,-1.3591703,-0.59695053,1.4314109,1.5917132,-0.14547354
-2.8157306,-1.3397461,-1.1956528,-0.867653,0.6011503,-1.7704517
-3.0361125,-0.68390334,-0.5226372,-1.4826323,2.294171,0.8411075
-2.4946988,0.7224953,3.2110987,-1.467068,-0.019058198,-2.6989477
-2.575798,1.932482,-3.084041,-4.77671,2.9282782,0.23954126
-5.5819964,-2.0425436,1.997135,-0.37595612,-0.20964968,0.36801782
1.4618623,-2.0554926,-2.4753387,-2.505348,-0.21808566,2.1787791
-2.5700827,-1.8121269,0.47878945,0.36858654,0.46115735,0.24308497
1.4022573,-2.618633,-3.9068274,-6.0610065,-3.2849681,0.36942264
-1.0131283,0.45566633,2.1022148,0.53419566,1.2738048,1.7845687
-0.75399387,-0.01869911,-1.9312932,0.08754577,0.15085742,0.63686466
-0.4761355,-2.5023582,2.7090461,-1.7212203,3.4029222,7.724569
1.2270744,-2.7541711,-5.6260543,-7.9328456,1.4153715,3.2577672
-0.73571974,-0.7879211,-2.3845947,-2.0874095,1.7677705,0.50814027
-0.42025113,-2.102057,-3.876148,-3.6276066,3.0649347,2.3092525
-0.9875105,0.99025416,-1.2043031,0.2938301,-0.4862591,-0.93261296
-2.0530858,-1.1920012,0.2736079,0.07518266,0.09391023,-0.39026824
2.6511495,-1.5746448,-6.6540484,-7.9860487,1.9219891,3.5326989
-1.8944438,0.39110634,-1.6076521,1.404073,0.9217131,-1.4165026
0.4448284,-1.9379152,-1.003805,-0.32738388,0.8539511,3.2359493
-3.7708344,-1.5337493,1.1529955,-1.0410943,0.4231355,-0.12019295
-1.5474645,1.404492,-3.2119756,-1.758501,-0.81850755,-0.8439127
-1.2564791,2.4633539,0.95230556,-0.6537528,0.24513271,-3.0318625
-1.559441,-1.4901755,0.5166019,-0.43774605,1.3316206,-0.29990393
-2.723858,-1.4910834,1.9557599,0.059307948,-0.2827634,-2.5050888
-1.2541858,4.980303,-1.924034,-7.261237,2.0565336,1.4073168
-4.034663,-2.8438904,3.0670128,-0.37587792,1.965464,-0.810245
-3.3042445,-1.8866649,1.6352206,0.14755978,0.8979956,-0.5726625
0.6779639,-2.4585824,-1.4952805,-4.827308,-1.8460397,0.87141496
-0.73164946,-0.06267233,-0.10555519,-0.7780669,-0.9453949,-0.2907176
0.91573685,-0.64416325,1.2695117,-2.4457147,0.4121517,2.0695317
0.42285913,-0.5699067,-5.676561,-8.009181,-3.0860746,2.880368
-2.2661867,0.10185373,0.17188187,0.7246867,0.21931994,0.7027046
-1.97451,1.5013639,-2.6866853,-1.6947142,-0.7104535,-1.7480676
-4.0086355,-1.6263604,1.9747375,-0.21761899,-0.7915087,-3.0338428
-1.0672336,-1.4912024,-5.059422,-5.527955,1.233782,0.51875275
-3.1007109,-0.182236,4.250177,0.91741073,-0.5422667,0.38508436
-0.7868059,-2.1196187,-1.4515816,-2.479465,-1.4510334,0.8945567
1.3902584,-2.5887997,-0.4293024,-2.8183982,-1.1288753,0.05113902
-1.4200732,-1.3730114,0.8599096,0.39920217,0.2887583,0.3103995
-1.9675707,-1.4900539,1.1379683,1.2736751,0.2662399,-0.7475634
-2.1923141,-1.48627,1.5447302,-0.26907393,0.17179808,-0.965583
0.35535264,2.958111,0.7116476,-5.814015,2.6214209,1.1464092
-4.5052505,-1.6201435,0.03899987,-1.3966695,-0.28487623,0.28737143
-1.6662315,-0.63495076,-0.7876694,-0.08880703,-0.090753645,0.723164
-2.4868793,-1.0001341,-1.4838673,-0.90474164,-1.7504777,-1.8613421
-1.082422,-1.2985318,-6.829143,-0.8164708,2.4101593,1.9633344
-2.7782857,-1.459123,0.41541672,-2.1524134,-0.20872596,-0.6555217
-2.6675563,-1.7063541,0.057942852,-0.98955315,0.89917207,-0.55481786
-1.1986452,-0.8490628,1.3371643,0.12658502,1.8017085,-0.6979057
-3.2596052,-1.4158854,3.026845,-0.06505658,0.46584132,0.7989095
-2.9832473,-1.4150212,0.57949305,0.48778194,0.5029006,-0.96881765
-5.407882,-1.9950471,1.6905999,-1.1799674,-1.2136711,-2.7327225
-2.5031786,1.7515738,-1.3863912,-1.8956147,-0.17844996,-1.254875
-1.5683815,-1.5532991,1.1481286,0.044525996,0.7353183,0.28797695
1.2860819,-0.85862184,2.5880198,-4.448482,-4.030856,-1.6414148
-1.2636586,-0.92764926,-0.21329919,0.20233648,0.24106243,0.18686041
-3.9708807,-1.1982132,0.88242906,-1.230437,-1.1538517,-1.7417847
-3.6582084,-2.3758128,2.1769695,-1.7381552,1.3589338,-1.350494
6.6244006,-1.4749677,-1.0789211,-3.562988,-1.1147736,4.4199047
-3.0175877,-1.3276182,0.8178176,-0.237241,-0.22951265,-0.13787529
-1.1215377,-3.0431902,-0.5518045,-3.83298,0.012037009,3.7984464
-0.32285953,-0.4642661,2.5756936,0.08083911,-2.6676571,2.0514634
0.45274383,-0.07034299,0.34106892,1.699187,-0.8001182,-2.8251095
-1.370876,-1.8626559,2.2818565,-0.12346262,0.95060647,-0.77199996
-3.1721938,-0.95763755,-1.0194297,0.2596494,1.5677056,-3.3068898
0.029252678,-1.1092083,0.21570729,-1.3815962,-2.442123,-0.04213146
-0.26788807,-1.5243784,-2.103009,-2.2114534,1.6764601,1.4758118
-2.7195141,-0.8668157,1.1703268,0.46249127,-0.26777938,-2.0054867
-1.4465607,-0.63390195,-0.46757126,-0.20180279,0.2526916,0.75256455
1.5149642,-1.9844012,-1.0951352,-4.0764856,-2.4183712,-0.5733854
-0.91931933,0.6868125,1.888233,-0.17260586,0.9948579,-2.5073087
1.0667917,-0.11210753,-4.027625,-4.918687,-0.79907596,-0.12639883
-1.6207594,0.19424918,0.34977508,-0.81598747,-0.20137149,-3.10864
-1.2302866,-2.448211,-1.8067167,-2.5267274,1.4670414,5.9012446
2.0756593,-0.10060689,-0.873085,1.1497732,-0.48473227,2.305614
-0.8851101,-0.9298856,2.1294699,0.37281698,1.1951894,-0.6619886
0.3170514,-2.8029037,-1.6465048,-5.6570587,-0.03111624,2.3632052
-1.5234061,0.05669561,-0.00011712313,-1.2881092,-1.4470803,-3.3703117
-2.9979606,-1.5718387,2.3317347,0.36064744,2.0183165,-0.7824629
0.472753,-2.464037,-2.09619,-3.5347795,4.797165,3.0366743
-3.0963907,-1.7171528,1.5421118,-0.20992054,-0.4572809,-0.5271234
1.2675849,-2.279566,-1.4778037,-5.3307214,-0.8532351,1.2554044
-2.0909684,-0.82738364,-1.865861,1.731829,1.5454816,-3.3148599
-0.99603206,-0.3337854,-2.62225,-3.1797824,0.5305164,1.5222901
-2.4867709,-0.49188262,-1.2237512,1.4013323,0.101169094,-1.7334061
-2.93046,-1.8013628,-1.2471303,-2.2488806,0.74960697,0.13121799
-0.274823,-1.5821756,-3.4590116,-4.2487907,-0.21637078,0.82656384
-3.6325476,-1.0310173,-0.7431198,-0.84684,-0.44535837,-1.8517731
-1.9642359,-2.276614,-1.1604643,-2.2484002,-0.90663826,0.5142128
-1.2991751,-2.8646708,-2.0347347,-4.0366735,-1.6126535,0.7697836
-3.9678936,-1.2537392,-0.75440556,-1.0193254,-0.8837013,-1.3247622
-3.3236098,-1.3712149,0.21937083,-1.1057758,-0.78455496,-0.9431688
-0.9978697,-1.876111,-1.4383017,-1.4675857,1.8010648,1.3712667
-4.2331,-1.8924344,2.2911663,-0.84668523,-0.2592022,-2.2660618
-2.1374032,-2.240059,-1.6117688,-2.7555726,-1.2103792,0.32645577
-1.3107038,-2.6613941,-2.0754282,-2.9856534,-0.49837628,2.7664764
-4.9594865,-1.6401864,-0.24224173,-2.0935154,-1.2890549,-0.8370888
-2.2884483,0.14998975,-1.6205736,1.1271833,0.43632635,-1.5059834
-0.8432053,0.41878667,-2.7568908,-1.9785591,2.298085,-0.50475097
0.61894494,-2.7921312,-2.5232515,-2.3543634,0.6400027,3.723162
-2.3919458,-0.44809672,-0.3761788,0.014206693,-0.093266934,-0.17859575
-3.053598,-1.9777136,0.11106479,-1.7423422,-0.85148764,-0.49794653
-0.18775162,-1.8732522,-4.3704967,-3.1677282,1.7083277,1.6928099
10.128413,-6.288625,-0.99957085,-9.544441,-11.505986,-0.49433056
-2.1386309,-2.489159,-1.7438666,-3.9423616,-3.0718036,0.2941114
-0.47048497,-2.7938426,-4.8235807,-8.301468,-4.0401716,0.93897945
1.5446156,-1.0137136,-1.6057597,-4.5463605,-0.26593268,-1.5417731
-3.1518402,-1.8894334,3.125987,1.1831081,1.0726897,0.30586153
-0.60637766,1.5579095,0.857149,-0.64671594,1.3252455,0.73326033
-2.5078387,-0.23809925,1.3241273,0.22174974,1.6127479,0.6804953
-3.5737138,-1.1362752,-0.55040437,-2.4066849,-0.14486024,-1.1371537
-3.4899302,-1.3041391,2.3096318,0.48092568,1.1294979,0.14294082
5.49421,-3.8951104,-1.4583184,-6.9952087,9.394189,6.889763
0.104858056,-0.2507071,-4.425054,-4.2329774,4.2003727,3.883917
-3.302827,0.992156,-2.4083872,-5.1122346,2.4783635,1.5246562
10.627313,0.34862307,1.3868235,-6.9929934,-3.6116805,3.9889596
-3.765389,-1.6245942,-0.12201716,-1.10345,0.36783326,-1.3993865
-4.073002,-2.5450876,2.4199145,0.35423112,2.3951452,1.3142946
-2.2825148,-1.8002093,0.2513752,-1.1695031,1.158611,0.6122472
-3.845234,-1.7576191,-0.04463455,-0.55222064,-0.368578,-1.2203196
4.9758205,-1.0565635,0.19933815,-6.405473,3.5274634,3.172255
0.975056,-0.18847784,-0.83238876,-4.6233325,0.9724008,2.0828686
-1.0159048,-1.8629884,-0.99400586,-1.2271609,-0.9931916,1.1689737
-0.20860827,-0.8924862,2.2435086,0.526435,1.0386206,-2.1091194
-2.2158518,-1.0299513,-2.3523679,-1.42637,1.0622486,1.4760498
-1.8851061,-0.37663305,-0.6732669,-0.30289778,-0.20349008,-1.8108578
-0.90546954,-1.6821738,-1.924592,-1.8433089,-1.6713558,-0.34510934
0.3606707,0.63915396,0.30606735,-0.83735096,1.7403557,-0.024427429
-3.2329502,-0.99393,-0.015796706,-0.04658568,0.38281792,-0.6589156
-1.8268945,-0.5294502,2.3014944,0.781916,0.20567971,-0.8762403
-2.493027,-1.6182978,1.0680532,-1.1518615,-0.8017914,0.6194422
-2.3775077,-2.1022944,3.901835,0.9266832,0.3749671,-1.9077457
6.28877,-3.1621222,-2.6368504,-10.164473,-0.7506604,4.1968822
-0.43480188,-1.3028982,-2.1461449,-3.8758755,1.4180692,0.31970456
-2.1701384,-2.5361354,-1.247095,-3.0048845,1.5870947,-2.829229
-1.9187188,-1.3682826,-2.3600316,-1.5167087,0.17759356,-0.32298034
5.791588,1.4163985,-2.2363348,-10.273951,3.3684428,-1.3469394
-2.0309079,-1.0459145,2.0613153,2.4096012,3.4058912,-0.81076556
-2.6999164,-1.051547,0.6311774,-0.10423632,-0.7577131,-1.8327669
